activity_time_id,employee_id,activity_id,activity_date,minutes,factor_value,notes_internal
750,5,20,2025-05-10,0,0.0,Data Innovation Summit + Interna möten fredag
1256,3,17,2025-06-26,30,1.0,
1255,3,17,2025-06-25,30,1.0,
1257,3,17,2025-06-27,30,1.0,
1564,3,21,2025-08-21,30,1.0,
932,3,21,2025-06-17,30,1.0,
876,3,21,2025-06-10,30,1.0,
1295,3,25,2025-06-30,30,1.0,
1250,3,11,2025-06-27,60,1.0,
891,3,11,2025-06-11,60,1.0,
1519,3,11,2025-08-11,60,1.0,
1640,3,11,2025-08-27,60,1.0,
1357,3,11,2025-07-03,60,1.0,
1358,3,11,2025-07-04,60,1.0,
1377,2,17,2025-07-02,60,1.0,
1378,2,17,2025-07-03,60,1.0,
1379,2,17,2025-07-04,60,1.0,
1372,2,17,2025-07-10,60,1.0,
848,3,20,2025-06-03,60,0.0,
1526,3,21,2025-08-11,60,1.0,
1709,11,21,2025-08-26,60,1.0,
507,3,21,2025-05-27,60,1.0,
1646,3,21,2025-08-26,60,1.0,
1690,11,21,2025-08-21,60,1.0,
1291,3,21,2025-07-03,60,1.0,
1688,11,21,2025-08-19,60,1.0,
1563,3,21,2025-08-20,60,1.0,
934,3,21,2025-06-19,60,1.0,
879,3,21,2025-06-13,60,1.0,
1534,3,22,2025-08-12,60,0.0,
1348,3,22,2025-07-01,60,0.0,
1535,3,22,2025-08-13,60,0.0,
1425,3,25,2025-07-29,60,1.0,
1717,11,25,2025-08-27,60,1.0,
1542,3,25,2025-08-13,60,1.0,
1577,3,25,2025-08-20,60,1.0,
1544,3,25,2025-08-15,60,1.0,
69,2,10,2025-04-07,90,1.0,
1639,3,11,2025-08-26,90,1.0,
939,3,17,2025-06-17,90,1.0,
828,3,21,2025-06-04,90,1.0,
878,3,21,2025-06-12,90,1.0,
875,3,21,2025-06-09,90,1.0,
883,3,22,2025-06-10,90,0.0,
953,3,22,2025-06-17,105,0.0,
1478,3,11,2025-08-05,120,1.0,
1558,3,11,2025-08-22,120,1.0,
893,3,11,2025-06-13,120,1.0,
11773,5,15,2025-08-13,120,1.0,
961,9,15,2025-06-25,120,1.0,
249,8,16,2025-04-15,120,1.0,
871,3,17,2025-06-12,120,1.0,
1369,2,17,2025-07-07,120,1.0,
1365,3,17,2025-07-04,120,1.0,
395,3,20,2025-05-13,120,0.0,
453,3,20,2025-05-22,120,0.0,
543,8,20,2025-05-21,120,0.0,
271,8,20,2025-04-30,120,0.0,
396,3,20,2025-05-14,120,0.0,
501,3,20,2025-05-28,120,0.0,
530,8,20,2025-05-15,120,0.0,
1116,2,20,2025-06-26,120,0.0,
394,3,20,2025-05-12,120,0.0,
1410,3,20,2025-07-28,120,0.0,
1527,3,21,2025-08-12,120,1.0,
1677,11,21,2025-08-15,120,1.0,
827,3,21,2025-06-03,120,1.0,
725,3,22,2025-05-12,120,0.0,
854,3,22,2025-06-02,120,0.0,
1570,3,22,2025-08-20,120,0.0,
736,3,22,2025-05-30,120,0.0,
884,3,22,2025-06-11,120,0.0,
1654,3,22,2025-08-27,120,0.0,
1351,3,22,2025-07-04,120,0.0,
1494,3,22,2025-08-07,120,0.0,
1493,3,22,2025-08-06,120,0.0,
11810,5,23,2025-08-29,120,0.0,
906,3,25,2025-06-12,120,1.0,
1541,3,25,2025-08-12,120,1.0,
1579,3,25,2025-08-22,120,1.0,
1660,3,25,2025-08-26,120,1.0,
1427,3,25,2025-07-31,120,1.0,
1540,3,25,2025-08-11,120,1.0,
1698,11,25,2025-08-22,120,1.0,
445,3,11,2025-05-21,150,1.0,
1281,3,20,2025-06-30,150,0.0,
454,3,20,2025-05-23,150,0.0,
450,3,20,2025-05-19,150,0.0,
885,3,22,2025-06-12,150,0.0,
1278,3,25,2025-06-27,150,1.0,
1403,3,11,2025-07-28,180,1.0,
1404,3,11,2025-07-29,180,1.0,
1520,3,11,2025-08-12,180,1.0,
1406,3,11,2025-07-31,180,1.0,
446,3,11,2025-05-22,180,1.0,
1059,8,16,2025-06-25,180,1.0,
1110,2,17,2025-06-27,180,1.0,
503,3,20,2025-05-30,180,0.0,
1702,11,20,2025-08-26,180,0.0,
510,3,21,2025-05-30,180,1.0,
1561,3,21,2025-08-18,180,1.0,
488,3,21,2025-05-22,180,1.0,
1529,3,21,2025-08-14,180,1.0,
1530,3,21,2025-08-15,180,1.0,
829,3,21,2025-06-05,180,1.0,
954,3,22,2025-06-18,180,0.0,
955,3,22,2025-06-19,180,0.0,
1417,3,22,2025-07-28,180,0.0,
1420,3,22,2025-07-31,180,0.0,
952,3,22,2025-06-16,180,0.0,
1268,3,22,2025-06-24,180,0.0,
1270,3,22,2025-06-26,180,0.0,
1299,3,25,2025-07-04,180,1.0,
1290,3,21,2025-07-02,210,1.0,
1653,3,22,2025-08-26,210,0.0,
1267,3,22,2025-06-23,210,0.0,
1571,3,22,2025-08-21,210,0.0,
478,11,7,2025-05-23,240,1.0,
1235,10,9,2025-06-26,240,1.0,
1557,3,11,2025-08-21,240,1.0,
1556,3,11,2025-08-20,240,1.0,
387,3,11,2025-05-12,240,1.0,
1434,6,12,2025-07-10,240,1.0,
107,6,12,2025-04-11,240,1.0,
650,6,12,2025-05-16,240,1.0,
106,6,12,2025-04-10,240,1.0,
226,4,14,2025-04-11,240,1.0,
592,4,14,2025-05-07,240,1.0,
11712,4,14,2025-08-22,240,1.0,
218,4,14,2025-04-17,240,1.0,
11698,4,14,2025-08-15,240,1.0,
11786,5,15,2025-08-05,240,1.0,
837,9,15,2025-06-06,240,1.0,
263,8,16,2025-04-29,240,1.0,
552,8,16,2025-05-30,240,1.0,
11758,5,18,2025-08-05,240,1.0,
1242,10,20,2025-06-26,240,0.0,
1701,11,20,2025-08-25,240,0.0,
599,4,20,2025-05-07,240,0.0,
11705,4,20,2025-08-15,240,0.0,
11719,4,20,2025-08-22,240,0.0,
1704,11,20,2025-08-28,240,0.0,
559,8,20,2025-05-30,240,0.0,
810,11,20,2025-05-23,240,0.0,
1562,3,21,2025-08-19,240,1.0,
1712,11,21,2025-08-29,240,1.0,
1711,11,21,2025-08-28,240,1.0,
1708,11,21,2025-08-25,240,1.0,
1569,3,22,2025-08-19,240,0.0,
1271,3,22,2025-06-27,240,0.0,
1418,3,22,2025-07-29,240,0.0,
1495,3,22,2025-08-08,240,0.0,
1572,3,22,2025-08-22,240,0.0,
1652,3,22,2025-08-25,240,0.0,
1533,3,22,2025-08-11,240,0.0,
1537,3,22,2025-08-15,240,0.0,
1441,6,24,2025-07-10,240,0.0,
657,6,24,2025-05-16,240,0.0,
948,3,25,2025-06-19,240,1.0,
1716,11,25,2025-08-26,240,1.0,
1502,3,25,2025-08-08,240,1.0,
1659,3,25,2025-08-25,240,1.0,
1719,11,25,2025-08-29,240,1.0,
946,3,25,2025-06-17,255,1.0,
1349,3,22,2025-07-02,270,0.0,
1277,3,25,2025-06-26,270,1.0,
1274,3,25,2025-06-23,270,1.0,
870,3,17,2025-06-11,300,1.0,
1117,2,20,2025-06-27,300,0.0,
1066,8,20,2025-06-25,300,0.0,
931,3,21,2025-06-16,300,1.0,
1288,3,21,2025-06-30,300,1.0,
855,3,22,2025-06-03,300,0.0,
1568,3,22,2025-08-18,300,0.0,
857,3,22,2025-06-05,300,0.0,
1536,3,22,2025-08-14,300,0.0,
886,3,22,2025-06-13,300,0.0,
1661,3,25,2025-08-27,300,1.0,
1275,3,25,2025-06-24,300,1.0,
947,3,25,2025-06-18,300,1.0,
447,3,11,2025-05-23,330,1.0,
718,3,22,2025-05-19,330,0.0,
720,3,22,2025-05-21,330,0.0,
389,3,11,2025-05-14,360,1.0,
494,3,11,2025-05-28,360,1.0,
388,3,11,2025-05-13,360,1.0,
1521,3,11,2025-08-13,360,1.0,
203,4,14,2025-04-30,360,1.0,
264,8,16,2025-04-30,360,1.0,
523,8,16,2025-05-15,360,1.0,
536,8,16,2025-05-21,360,1.0,
869,3,17,2025-06-10,360,1.0,
1109,2,17,2025-06-26,360,1.0,
11803,5,18,2025-08-29,360,1.0,
11780,5,18,2025-08-13,360,1.0,
1382,2,20,2025-07-07,360,0.0,
1684,11,20,2025-08-22,360,0.0,
1670,11,20,2025-08-15,360,0.0,
826,3,21,2025-06-02,360,1.0,
1350,3,22,2025-07-03,360,0.0,
1501,3,25,2025-08-07,360,1.0,
1500,3,25,2025-08-06,360,1.0,
1499,3,25,2025-08-05,360,1.0,
882,3,22,2025-06-09,390,0.0,
856,3,22,2025-06-04,390,0.0,
493,3,11,2025-05-27,420,1.0,
1385,2,20,2025-07-10,420,0.0,
1703,11,20,2025-08-27,420,0.0,
1124,2,20,2025-07-04,420,0.0,
1123,2,20,2025-07-03,420,0.0,
1683,11,20,2025-08-21,420,0.0,
1681,11,20,2025-08-19,420,0.0,
1122,2,20,2025-07-02,420,0.0,
1289,3,21,2025-07-01,420,1.0,
1262,3,20,2025-06-25,450,0.0,
1316,11,7,2025-06-23,480,1.0,
463,11,7,2025-05-08,480,1.0,
56,11,7,2025-04-22,480,1.0,
897,11,7,2025-06-10,480,1.0,
841,11,7,2025-06-03,480,1.0,
842,11,7,2025-06-04,480,1.0,
51,11,7,2025-04-10,480,1.0,
1318,11,7,2025-06-25,480,1.0,
475,11,7,2025-05-20,480,1.0,
66,11,7,2025-05-02,480,1.0,
468,11,7,2025-05-13,480,1.0,
52,11,7,2025-04-11,480,1.0,
467,11,7,2025-05-12,480,1.0,
476,11,7,2025-05-21,480,1.0,
900,11,7,2025-06-13,480,1.0,
896,11,7,2025-06-09,480,1.0,
483,11,7,2025-05-28,480,1.0,
62,11,7,2025-04-28,480,1.0,
481,11,7,2025-05-26,480,1.0,
1320,11,7,2025-06-27,480,1.0,
469,11,7,2025-05-14,480,1.0,
477,11,7,2025-05-22,480,1.0,
464,11,7,2025-05-09,480,1.0,
1310,11,7,2025-06-17,480,1.0,
1317,11,7,2025-06-24,480,1.0,
59,11,7,2025-04-25,480,1.0,
10,11,7,2025-04-03,480,1.0,
48,11,7,2025-04-07,480,1.0,
474,11,7,2025-05-19,480,1.0,
840,11,7,2025-06-02,480,1.0,
57,11,7,2025-04-23,480,1.0,
64,11,7,2025-04-30,480,1.0,
11,11,7,2025-04-04,480,1.0,
843,11,7,2025-06-05,480,1.0,
1312,11,7,2025-06-19,480,1.0,
58,11,7,2025-04-24,480,1.0,
49,11,7,2025-04-08,480,1.0,
482,11,7,2025-05-27,480,1.0,
460,11,7,2025-05-05,480,1.0,
1309,11,7,2025-06-16,480,1.0,
63,11,7,2025-04-29,480,1.0,
462,11,7,2025-05-07,480,1.0,
8,11,7,2025-04-01,480,1.0,
1311,11,7,2025-06-18,480,1.0,
50,11,7,2025-04-09,480,1.0,
898,11,7,2025-06-11,480,1.0,
9,11,7,2025-04-02,480,1.0,
461,11,7,2025-05-06,480,1.0,
409,12,8,2025-05-06,480,1.0,
411,12,8,2025-05-08,480,1.0,
412,12,8,2025-05-09,480,1.0,
429,12,8,2025-05-19,480,1.0,
138,12,8,2025-04-08,480,1.0,
160,12,8,2025-04-30,480,1.0,
431,12,8,2025-05-21,480,1.0,
141,12,8,2025-04-11,480,1.0,
1614,12,8,2025-08-29,480,1.0,
430,12,8,2025-05-20,480,1.0,
155,12,8,2025-04-25,480,1.0,
1590,12,8,2025-08-05,480,1.0,
1600,12,8,2025-08-15,480,1.0,
1598,12,8,2025-08-13,480,1.0,
426,12,8,2025-05-16,480,1.0,
159,12,8,2025-04-29,480,1.0,
1593,12,8,2025-08-08,480,1.0,
154,12,8,2025-04-24,480,1.0,
432,12,8,2025-05-22,480,1.0,
131,12,8,2025-04-01,480,1.0,
1612,12,8,2025-08-27,480,1.0,
140,12,8,2025-04-10,480,1.0,
1611,12,8,2025-08-26,480,1.0,
132,12,8,2025-04-02,480,1.0,
153,12,8,2025-04-23,480,1.0,
158,12,8,2025-04-28,480,1.0,
1589,12,8,2025-08-04,480,1.0,
133,12,8,2025-04-03,480,1.0,
422,12,8,2025-05-12,480,1.0,
436,12,8,2025-05-26,480,1.0,
134,12,8,2025-04-04,480,1.0,
437,12,8,2025-05-27,480,1.0,
1610,12,8,2025-08-25,480,1.0,
438,12,8,2025-05-28,480,1.0,
1591,12,8,2025-08-06,480,1.0,
1604,12,8,2025-08-19,480,1.0,
425,12,8,2025-05-15,480,1.0,
1592,12,8,2025-08-07,480,1.0,
1607,12,8,2025-08-22,480,1.0,
1605,12,8,2025-08-20,480,1.0,
162,12,8,2025-05-02,480,1.0,
424,12,8,2025-05-14,480,1.0,
1613,12,8,2025-08-28,480,1.0,
139,12,8,2025-04-09,480,1.0,
1606,12,8,2025-08-21,480,1.0,
1603,12,8,2025-08-18,480,1.0,
433,12,8,2025-05-23,480,1.0,
137,12,8,2025-04-07,480,1.0,
152,12,8,2025-04-22,480,1.0,
408,12,8,2025-05-05,480,1.0,
1597,12,8,2025-08-12,480,1.0,
1599,12,8,2025-08-14,480,1.0,
423,12,8,2025-05-13,480,1.0,
1729,10,9,2025-08-18,480,1.0,
43,10,9,2025-04-30,480,1.0,
1731,10,9,2025-08-20,480,1.0,
777,10,9,2025-05-09,480,1.0,
910,10,9,2025-06-09,480,1.0,
1226,10,9,2025-07-01,480,1.0,
920,10,9,2025-06-05,480,1.0,
35,10,9,2025-04-22,480,1.0,
15,10,9,2025-04-02,480,1.0,
1732,10,9,2025-08-21,480,1.0,
798,10,9,2025-05-27,480,1.0,
791,10,9,2025-05-20,480,1.0,
918,10,9,2025-06-03,480,1.0,
793,10,9,2025-05-22,480,1.0,
45,10,9,2025-05-02,480,1.0,
790,10,9,2025-05-19,480,1.0,
36,10,9,2025-04-23,480,1.0,
917,10,9,2025-06-02,480,1.0,
1236,10,9,2025-06-27,480,1.0,
1730,10,9,2025-08-19,480,1.0,
28,10,9,2025-04-15,480,1.0,
29,10,9,2025-04-16,480,1.0,
799,10,9,2025-05-28,480,1.0,
774,10,9,2025-05-06,480,1.0,
911,10,9,2025-06-10,480,1.0,
919,10,9,2025-06-04,480,1.0,
37,10,9,2025-04-24,480,1.0,
1228,10,9,2025-07-03,480,1.0,
24,10,9,2025-04-11,480,1.0,
41,10,9,2025-04-28,480,1.0,
773,10,9,2025-05-05,480,1.0,
797,10,9,2025-05-26,480,1.0,
1549,10,9,2025-08-13,480,1.0,
16,10,9,2025-04-03,480,1.0,
14,10,9,2025-04-01,480,1.0,
785,10,9,2025-05-14,480,1.0,
1229,10,9,2025-07-04,480,1.0,
784,10,9,2025-05-13,480,1.0,
1233,10,9,2025-06-24,480,1.0,
21,10,9,2025-04-08,480,1.0,
1550,10,9,2025-08-14,480,1.0,
38,10,9,2025-04-25,480,1.0,
787,10,9,2025-05-16,480,1.0,
27,10,9,2025-04-14,480,1.0,
776,10,9,2025-05-08,480,1.0,
794,10,9,2025-05-23,480,1.0,
1232,10,9,2025-06-23,480,1.0,
783,10,9,2025-05-12,480,1.0,
23,10,9,2025-04-10,480,1.0,
914,10,9,2025-06-13,480,1.0,
786,10,9,2025-05-15,480,1.0,
1725,10,9,2025-08-28,480,1.0,
1225,10,9,2025-06-30,480,1.0,
1724,10,9,2025-08-27,480,1.0,
17,10,9,2025-04-04,480,1.0,
1227,10,9,2025-07-02,480,1.0,
1733,10,9,2025-08-22,480,1.0,
42,10,9,2025-04-29,480,1.0,
1551,10,9,2025-08-15,480,1.0,
20,10,9,2025-04-07,480,1.0,
775,10,9,2025-05-07,480,1.0,
792,10,9,2025-05-21,480,1.0,
22,10,9,2025-04-09,480,1.0,
1234,10,9,2025-06-25,480,1.0,
1726,10,9,2025-08-29,480,1.0,
1078,2,10,2025-06-02,480,1.0,
90,2,10,2025-04-28,480,1.0,
1088,2,10,2025-06-12,480,1.0,
697,2,10,2025-05-21,480,1.0,
91,2,10,2025-04-29,480,1.0,
692,2,10,2025-05-16,480,1.0,
1080,2,10,2025-06-04,480,1.0,
73,2,10,2025-04-11,480,1.0,
695,2,10,2025-05-19,480,1.0,
682,2,10,2025-05-06,480,1.0,
704,2,10,2025-05-28,480,1.0,
1094,2,10,2025-06-18,480,1.0,
690,2,10,2025-05-14,480,1.0,
698,2,10,2025-05-22,480,1.0,
77,2,10,2025-04-15,480,1.0,
71,2,10,2025-04-09,480,1.0,
86,2,10,2025-04-24,480,1.0,
1087,2,10,2025-06-11,480,1.0,
1081,2,10,2025-06-05,480,1.0,
1086,2,10,2025-06-10,480,1.0,
681,2,10,2025-05-05,480,1.0,
84,2,10,2025-04-22,480,1.0,
689,2,10,2025-05-13,480,1.0,
684,2,10,2025-05-08,480,1.0,
78,2,10,2025-04-16,480,1.0,
702,2,10,2025-05-26,480,1.0,
696,2,10,2025-05-20,480,1.0,
76,2,10,2025-04-14,480,1.0,
691,2,10,2025-05-15,480,1.0,
1079,2,10,2025-06-03,480,1.0,
706,2,10,2025-05-30,480,1.0,
1092,2,10,2025-06-16,480,1.0,
1085,2,10,2025-06-09,480,1.0,
85,2,10,2025-04-23,480,1.0,
94,2,10,2025-05-02,480,1.0,
79,2,10,2025-04-17,480,1.0,
70,2,10,2025-04-08,480,1.0,
87,2,10,2025-04-25,480,1.0,
72,2,10,2025-04-10,480,1.0,
699,2,10,2025-05-23,480,1.0,
685,2,10,2025-05-09,480,1.0,
1089,2,10,2025-06-13,480,1.0,
1093,2,10,2025-06-17,480,1.0,
688,2,10,2025-05-12,480,1.0,
92,2,10,2025-04-30,480,1.0,
703,2,10,2025-05-27,480,1.0,
683,2,10,2025-05-07,480,1.0,
309,3,11,2025-04-17,480,1.0,
315,3,11,2025-04-09,480,1.0,
280,3,11,2025-05-02,480,1.0,
278,3,11,2025-04-30,480,1.0,
492,3,11,2025-05-26,480,1.0,
295,3,11,2025-04-03,480,1.0,
293,3,11,2025-04-01,480,1.0,
308,3,11,2025-04-16,480,1.0,
294,3,11,2025-04-02,480,1.0,
313,3,11,2025-04-07,480,1.0,
276,3,11,2025-04-28,480,1.0,
306,3,11,2025-04-14,480,1.0,
301,3,11,2025-04-23,480,1.0,
302,3,11,2025-04-24,480,1.0,
303,3,11,2025-04-25,480,1.0,
374,3,11,2025-05-06,480,1.0,
300,3,11,2025-04-22,480,1.0,
316,3,11,2025-04-10,480,1.0,
317,3,11,2025-04-11,480,1.0,
314,3,11,2025-04-08,480,1.0,
373,3,11,2025-05-05,480,1.0,
296,3,11,2025-04-04,480,1.0,
307,3,11,2025-04-15,480,1.0,
277,3,11,2025-04-29,480,1.0,
120,6,12,2025-04-24,480,1.0,
1008,6,12,2025-06-23,480,1.0,
981,6,12,2025-06-10,480,1.0,
104,6,12,2025-04-08,480,1.0,
619,6,12,2025-05-27,480,1.0,
618,6,12,2025-05-26,480,1.0,
967,6,12,2025-06-03,480,1.0,
110,6,12,2025-04-14,480,1.0,
105,6,12,2025-04-09,480,1.0,
1449,6,12,2025-08-01,480,1.0,
968,6,12,2025-06-04,480,1.0,
980,6,12,2025-06-09,480,1.0,
995,6,12,2025-06-17,480,1.0,
119,6,12,2025-04-23,480,1.0,
112,6,12,2025-04-16,480,1.0,
634,6,12,2025-05-21,480,1.0,
11745,6,12,2025-08-27,480,1.0,
1431,6,12,2025-07-07,480,1.0,
1453,6,12,2025-07-15,480,1.0,
662,6,12,2025-05-07,480,1.0,
125,6,12,2025-04-29,480,1.0,
996,6,12,2025-06-18,480,1.0,
103,6,12,2025-04-07,480,1.0,
660,6,12,2025-05-05,480,1.0,
1022,6,12,2025-06-30,480,1.0,
1452,6,12,2025-07-14,480,1.0,
118,6,12,2025-04-22,480,1.0,
966,6,12,2025-06-02,480,1.0,
620,6,12,2025-05-28,480,1.0,
1432,6,12,2025-07-08,480,1.0,
98,6,12,2025-04-02,480,1.0,
1024,6,12,2025-07-02,480,1.0,
11746,6,12,2025-08-28,480,1.0,
1009,6,12,2025-06-24,480,1.0,
1010,6,12,2025-06-25,480,1.0,
661,6,12,2025-05-06,480,1.0,
648,6,12,2025-05-14,480,1.0,
97,6,12,2025-04-01,480,1.0,
982,6,12,2025-06-11,480,1.0,
1433,6,12,2025-07-09,480,1.0,
633,6,12,2025-05-20,480,1.0,
1447,6,12,2025-07-30,480,1.0,
1445,6,12,2025-07-28,480,1.0,
1023,6,12,2025-07-01,480,1.0,
1454,6,12,2025-07-16,480,1.0,
1448,6,12,2025-07-31,480,1.0,
1446,6,12,2025-07-29,480,1.0,
11744,6,12,2025-08-26,480,1.0,
126,6,12,2025-04-30,480,1.0,
124,6,12,2025-04-28,480,1.0,
994,6,12,2025-06-16,480,1.0,
646,6,12,2025-05-12,480,1.0,
632,6,12,2025-05-19,480,1.0,
111,6,12,2025-04-15,480,1.0,
647,6,12,2025-05-13,480,1.0,
578,4,14,2025-05-14,480,1.0,
11689,4,14,2025-08-06,480,1.0,
1144,4,14,2025-06-12,480,1.0,
573,4,14,2025-05-23,480,1.0,
1156,4,14,2025-06-24,480,1.0,
1136,4,14,2025-06-04,480,1.0,
1134,4,14,2025-06-02,480,1.0,
11690,4,14,2025-08-07,480,1.0,
11723,4,14,2025-08-26,480,1.0,
579,4,14,2025-05-15,480,1.0,
562,4,14,2025-05-26,480,1.0,
594,4,14,2025-05-09,480,1.0,
202,4,14,2025-04-29,480,1.0,
1131,4,14,2025-07-04,480,1.0,
590,4,14,2025-05-05,480,1.0,
1148,4,14,2025-06-16,480,1.0,
11691,4,14,2025-08-08,480,1.0,
571,4,14,2025-05-21,480,1.0,
1150,4,14,2025-06-18,480,1.0,
1151,4,14,2025-06-19,480,1.0,
1127,4,14,2025-06-30,480,1.0,
216,4,14,2025-04-15,480,1.0,
572,4,14,2025-05-22,480,1.0,
570,4,14,2025-05-20,480,1.0,
1128,4,14,2025-07-01,480,1.0,
1159,4,14,2025-06-27,480,1.0,
211,4,14,2025-04-24,480,1.0,
593,4,14,2025-05-08,480,1.0,
11725,4,14,2025-08-28,480,1.0,
201,4,14,2025-04-28,480,1.0,
569,4,14,2025-05-19,480,1.0,
212,4,14,2025-04-25,480,1.0,
11694,4,14,2025-08-11,480,1.0,
11722,4,14,2025-08-25,480,1.0,
1137,4,14,2025-06-05,480,1.0,
1149,4,14,2025-06-17,480,1.0,
11695,4,14,2025-08-12,480,1.0,
1129,4,14,2025-07-02,480,1.0,
1141,4,14,2025-06-09,480,1.0,
591,4,14,2025-05-06,480,1.0,
11710,4,14,2025-08-20,480,1.0,
11724,4,14,2025-08-27,480,1.0,
563,4,14,2025-05-27,480,1.0,
11726,4,14,2025-08-29,480,1.0,
1155,4,14,2025-06-23,480,1.0,
11708,4,14,2025-08-18,480,1.0,
1135,4,14,2025-06-03,480,1.0,
1143,4,14,2025-06-11,480,1.0,
1142,4,14,2025-06-10,480,1.0,
11697,4,14,2025-08-14,480,1.0,
576,4,14,2025-05-12,480,1.0,
217,4,14,2025-04-16,480,1.0,
564,4,14,2025-05-28,480,1.0,
1145,4,14,2025-06-13,480,1.0,
215,4,14,2025-04-14,480,1.0,
11696,4,14,2025-08-13,480,1.0,
577,4,14,2025-05-13,480,1.0,
1158,4,14,2025-06-26,480,1.0,
580,4,14,2025-05-16,480,1.0,
1130,4,14,2025-07-03,480,1.0,
11709,4,14,2025-08-19,480,1.0,
11711,4,14,2025-08-21,480,1.0,
608,9,15,2025-05-23,480,1.0,
1582,9,15,2025-08-18,480,1.0,
369,9,15,2025-05-08,480,1.0,
1218,9,15,2025-06-30,480,1.0,
1631,9,15,2025-08-25,480,1.0,
181,9,15,2025-04-15,480,1.0,
605,9,15,2025-05-20,480,1.0,
927,9,15,2025-06-19,480,1.0,
1635,9,15,2025-08-29,480,1.0,
166,9,15,2025-04-02,480,1.0,
613,9,15,2025-05-28,480,1.0,
176,9,15,2025-04-10,480,1.0,
180,9,15,2025-04-14,480,1.0,
368,9,15,2025-05-07,480,1.0,
962,9,15,2025-06-26,480,1.0,
615,9,15,2025-05-30,480,1.0,
165,9,15,2025-04-01,480,1.0,
196,9,15,2025-04-30,480,1.0,
1633,9,15,2025-08-27,480,1.0,
1516,9,15,2025-08-15,480,1.0,
1585,9,15,2025-08-21,480,1.0,
173,9,15,2025-04-07,480,1.0,
865,9,15,2025-06-13,480,1.0,
174,9,15,2025-04-08,480,1.0,
175,9,15,2025-04-09,480,1.0,
190,9,15,2025-04-24,480,1.0,
963,9,15,2025-06-27,480,1.0,
401,9,15,2025-05-12,480,1.0,
833,9,15,2025-06-02,480,1.0,
191,9,15,2025-04-25,480,1.0,
861,9,15,2025-06-09,480,1.0,
366,9,15,2025-05-05,480,1.0,
926,9,15,2025-06-18,480,1.0,
167,9,15,2025-04-03,480,1.0,
1632,9,15,2025-08-26,480,1.0,
924,9,15,2025-06-16,480,1.0,
959,9,15,2025-06-23,480,1.0,
402,9,15,2025-05-13,480,1.0,
604,9,15,2025-05-19,480,1.0,
188,9,15,2025-04-22,480,1.0,
1514,9,15,2025-08-13,480,1.0,
370,9,15,2025-05-09,480,1.0,
189,9,15,2025-04-23,480,1.0,
168,9,15,2025-04-04,480,1.0,
1584,9,15,2025-08-20,480,1.0,
863,9,15,2025-06-11,480,1.0,
607,9,15,2025-05-22,480,1.0,
177,9,15,2025-04-11,480,1.0,
960,9,15,2025-06-24,480,1.0,
606,9,15,2025-05-21,480,1.0,
367,9,15,2025-05-06,480,1.0,
194,9,15,2025-04-28,480,1.0,
183,9,15,2025-04-17,480,1.0,
1583,9,15,2025-08-19,480,1.0,
1634,9,15,2025-08-28,480,1.0,
1513,9,15,2025-08-12,480,1.0,
864,9,15,2025-06-12,480,1.0,
1512,9,15,2025-08-11,480,1.0,
862,9,15,2025-06-10,480,1.0,
836,9,15,2025-06-05,480,1.0,
404,9,15,2025-05-15,480,1.0,
611,9,15,2025-05-26,480,1.0,
195,9,15,2025-04-29,480,1.0,
182,9,15,2025-04-16,480,1.0,
403,9,15,2025-05-14,480,1.0,
1515,9,15,2025-08-14,480,1.0,
612,9,15,2025-05-27,480,1.0,
834,9,15,2025-06-03,480,1.0,
835,9,15,2025-06-04,480,1.0,
1586,9,15,2025-08-22,480,1.0,
925,9,15,2025-06-17,480,1.0,
405,9,15,2025-05-16,480,1.0,
11674,8,16,2025-08-19,480,1.0,
1074,8,16,2025-07-03,480,1.0,
11683,8,16,2025-08-14,480,1.0,
284,8,16,2025-05-02,480,1.0,
11676,8,16,2025-08-21,480,1.0,
548,8,16,2025-05-26,480,1.0,
257,8,16,2025-04-23,480,1.0,
1052,8,16,2025-06-18,480,1.0,
258,8,16,2025-04-24,480,1.0,
259,8,16,2025-04-25,480,1.0,
534,8,16,2025-05-19,480,1.0,
256,8,16,2025-04-22,480,1.0,
535,8,16,2025-05-20,480,1.0,
538,8,16,2025-05-23,480,1.0,
513,8,16,2025-05-05,480,1.0,
262,8,16,2025-04-28,480,1.0,
1046,8,16,2025-06-12,480,1.0,
516,8,16,2025-05-08,480,1.0,
517,8,16,2025-05-09,480,1.0,
241,8,16,2025-04-07,480,1.0,
1050,8,16,2025-06-16,480,1.0,
11675,8,16,2025-08-20,480,1.0,
1075,8,16,2025-07-04,480,1.0,
11677,8,16,2025-08-22,480,1.0,
1043,8,16,2025-06-09,480,1.0,
11670,8,16,2025-08-29,480,1.0,
514,8,16,2025-05-06,480,1.0,
11680,8,16,2025-08-11,480,1.0,
11673,8,16,2025-08-18,480,1.0,
550,8,16,2025-05-28,480,1.0,
520,8,16,2025-05-12,480,1.0,
1051,8,16,2025-06-17,480,1.0,
11681,8,16,2025-08-12,480,1.0,
1073,8,16,2025-07-02,480,1.0,
1036,8,16,2025-06-02,480,1.0,
1058,8,16,2025-06-24,480,1.0,
1039,8,16,2025-06-05,480,1.0,
242,8,16,2025-04-08,480,1.0,
515,8,16,2025-05-07,480,1.0,
521,8,16,2025-05-13,480,1.0,
11667,8,16,2025-08-26,480,1.0,
1038,8,16,2025-06-04,480,1.0,
237,8,16,2025-04-03,480,1.0,
1053,8,16,2025-06-19,480,1.0,
1057,8,16,2025-06-23,480,1.0,
1045,8,16,2025-06-11,480,1.0,
537,8,16,2025-05-22,480,1.0,
522,8,16,2025-05-14,480,1.0,
1072,8,16,2025-07-01,480,1.0,
1044,8,16,2025-06-10,480,1.0,
524,8,16,2025-05-16,480,1.0,
1071,8,16,2025-06-30,480,1.0,
549,8,16,2025-05-27,480,1.0,
238,8,16,2025-04-04,480,1.0,
1047,8,16,2025-06-13,480,1.0,
235,8,16,2025-04-01,480,1.0,
11668,8,16,2025-08-27,480,1.0,
244,8,16,2025-04-10,480,1.0,
245,8,16,2025-04-11,480,1.0,
243,8,16,2025-04-09,480,1.0,
11682,8,16,2025-08-13,480,1.0,
11666,8,16,2025-08-25,480,1.0,
11684,8,16,2025-08-15,480,1.0,
236,8,16,2025-04-02,480,1.0,
1037,8,16,2025-06-03,480,1.0,
11669,8,16,2025-08-28,480,1.0,
1371,2,17,2025-07-09,480,1.0,
1370,2,17,2025-07-08,480,1.0,
752,5,18,2025-05-12,480,1.0,
762,5,18,2025-05-22,480,1.0,
1178,5,18,2025-06-11,480,1.0,
327,5,18,2025-04-08,480,1.0,
348,5,18,2025-04-29,480,1.0,
1177,5,18,2025-06-10,480,1.0,
333,5,18,2025-04-14,480,1.0,
336,5,18,2025-04-17,480,1.0,
11757,5,18,2025-08-04,480,1.0,
1184,5,18,2025-06-17,480,1.0,
328,5,18,2025-04-09,480,1.0,
322,5,18,2025-04-03,480,1.0,
344,5,18,2025-04-25,480,1.0,
1183,5,18,2025-06-16,480,1.0,
11793,5,18,2025-08-19,480,1.0,
763,5,18,2025-05-23,480,1.0,
1179,5,18,2025-06-12,480,1.0,
11802,5,18,2025-08-28,480,1.0,
761,5,18,2025-05-21,480,1.0,
330,5,18,2025-04-11,480,1.0,
11794,5,18,2025-08-20,480,1.0,
1191,5,18,2025-06-24,480,1.0,
11795,5,18,2025-08-21,480,1.0,
1180,5,18,2025-06-13,480,1.0,
334,5,18,2025-04-15,480,1.0,
11759,5,18,2025-08-06,480,1.0,
11779,5,18,2025-08-12,480,1.0,
329,5,18,2025-04-10,480,1.0,
341,5,18,2025-04-22,480,1.0,
759,5,18,2025-05-19,480,1.0,
11760,5,18,2025-08-07,480,1.0,
1190,5,18,2025-06-23,480,1.0,
1171,5,18,2025-06-04,480,1.0,
11801,5,18,2025-08-27,480,1.0,
351,5,18,2025-05-02,480,1.0,
1469,5,18,2025-07-04,480,1.0,
347,5,18,2025-04-28,480,1.0,
1211,5,18,2025-06-30,480,1.0,
1186,5,18,2025-06-19,480,1.0,
11781,5,18,2025-08-14,480,1.0,
755,5,18,2025-05-15,480,1.0,
768,5,18,2025-05-28,480,1.0,
11796,5,18,2025-08-22,480,1.0,
1466,5,18,2025-07-01,480,1.0,
11782,5,18,2025-08-15,480,1.0,
11799,5,18,2025-08-25,480,1.0,
349,5,18,2025-04-30,480,1.0,
1185,5,18,2025-06-18,480,1.0,
11778,5,18,2025-08-11,480,1.0,
767,5,18,2025-05-27,480,1.0,
335,5,18,2025-04-16,480,1.0,
11800,5,18,2025-08-26,480,1.0,
1194,5,18,2025-06-27,480,1.0,
326,5,18,2025-04-07,480,1.0,
766,5,18,2025-05-26,480,1.0,
1176,5,18,2025-06-09,480,1.0,
343,5,18,2025-04-24,480,1.0,
739,5,18,2025-05-06,480,1.0,
753,5,18,2025-05-13,480,1.0,
1170,5,18,2025-06-03,480,1.0,
770,5,18,2025-05-30,480,1.0,
1169,5,18,2025-06-02,480,1.0,
1181,5,18,2025-06-14,480,1.0,
342,5,18,2025-04-23,480,1.0,
1467,5,18,2025-07-02,480,1.0,
1468,5,18,2025-07-03,480,1.0,
760,5,18,2025-05-20,480,1.0,
754,5,18,2025-05-14,480,1.0,
756,5,18,2025-05-16,480,1.0,
11792,5,18,2025-08-18,480,1.0,
1172,5,18,2025-06-05,480,1.0,
323,5,18,2025-04-04,480,1.0,
398,3,20,2025-05-16,480,0.0,
383,3,20,2025-05-08,480,0.0,
1669,11,20,2025-08-14,480,0.0,
1617,2,20,2025-08-25,480,0.0,
1666,11,20,2025-08-11,480,0.0,
1628,2,20,2025-08-22,480,0.0,
1680,11,20,2025-08-18,480,0.0,
1397,2,20,2025-07-15,480,0.0,
1328,11,20,2025-07-02,480,0.0,
1624,2,20,2025-08-18,480,0.0,
1115,2,20,2025-06-25,480,0.0,
1399,2,20,2025-07-17,480,0.0,
384,3,20,2025-05-09,480,0.0,
1121,2,20,2025-07-01,480,0.0,
1618,2,20,2025-08-26,480,0.0,
747,5,20,2025-05-07,480,0.0,
1336,9,20,2025-07-03,480,0.0,
397,3,20,2025-05-15,480,0.0,
820,11,20,2025-05-15,480,0.0,
1334,9,20,2025-07-01,480,0.0,
1619,2,20,2025-08-27,480,0.0,
1627,2,20,2025-08-21,480,0.0,
1341,9,20,2025-07-08,480,0.0,
1668,11,20,2025-08-13,480,0.0,
1400,2,20,2025-07-18,480,0.0,
1625,2,20,2025-08-19,480,0.0,
1327,11,20,2025-07-01,480,0.0,
1667,11,20,2025-08-12,480,0.0,
748,5,20,2025-05-08,480,0.0,
417,12,20,2025-05-07,480,0.0,Data innovation summit 7/5
1335,9,20,2025-07-02,480,0.0,
1398,2,20,2025-07-16,480,0.0,
1626,2,20,2025-08-20,480,0.0,
1113,2,20,2025-06-23,480,0.0,
1396,2,20,2025-07-14,480,0.0,
1164,4,20,2025-06-25,480,0.0,
1620,2,20,2025-08-28,480,0.0,
1114,2,20,2025-06-24,480,0.0,
382,3,20,2025-05-07,480,0.0,
1682,11,20,2025-08-20,480,0.0,
1621,2,20,2025-08-29,480,0.0,
1120,2,20,2025-06-30,480,0.0,
1337,9,20,2025-07-04,480,0.0,
1199,5,20,2025-06-25,480,0.0,
1102,2,20,2025-06-19,480,0.0,
451,3,20,2025-05-20,480,0.0,
749,5,20,2025-05-09,480,0.0,
1326,11,20,2025-06-30,480,0.0,
1340,9,20,2025-07-07,480,0.0,
11768,5,23,2025-08-08,480,0.0,
1207,5,23,2025-06-26,480,0.0,
991,6,24,2025-06-13,480,0.0,
11754,6,24,2025-08-29,480,0.0,
1018,6,24,2025-06-26,480,0.0,
629,6,24,2025-05-30,480,0.0,
642,6,24,2025-05-22,480,0.0,
1462,6,24,2025-07-17,480,0.0,
976,6,24,2025-06-05,480,0.0,
678,6,24,2025-05-02,480,0.0,
990,6,24,2025-06-12,480,0.0,
670,6,24,2025-05-08,480,0.0,
656,6,24,2025-05-15,480,0.0,
1033,6,24,2025-07-04,480,0.0,
1442,6,24,2025-07-11,480,0.0,
1004,6,24,2025-06-19,480,0.0,
671,6,24,2025-05-09,480,0.0,
643,6,24,2025-05-23,480,0.0,
1019,6,24,2025-06-27,480,0.0,
1032,6,24,2025-07-03,480,0.0,
1463,6,24,2025-07-18,480,0.0,
1428,3,25,2025-08-01,480,1.0,
1426,3,25,2025-07-30,480,1.0,
1498,3,25,2025-08-04,480,1.0,
11736,6,26,2025-08-04,480,1.0,
225,4,14,2025-04-10,540,1.0,
229,4,14,2025-04-01,540,1.0,
231,4,14,2025-04-03,540,1.0,
232,4,14,2025-04-04,540,1.0,
223,4,14,2025-04-08,540,1.0,
224,4,14,2025-04-09,540,1.0,
230,4,14,2025-04-02,540,1.0,
222,4,14,2025-04-07,540,1.0,
209,4,14,2025-04-22,600,1.0,
210,4,14,2025-04-23,600,1.0,
359,5,18,2025-05-05,960,1.0,"FYI Lägger 8 tim extra som korrigering, då jag godkände 2 maj för tidigt och då kom det med i fakturaunderlaget."
